id,first_name,last_name,latitute,longitude,words
1,Maritsa,Cossey,39.9474817,116.4689261,enim leo rhoncus sed vestibulum sit amet cursus id turpis integer aliquet massa id lobortis convallis
2,Daria,Jameson,39.8502497,116.2190658,eros suspendisse accumsan tortor quis turpis sed ante vivamus tortor duis mattis egestas metus aenean fermentum donec ut mauris
3,Kristine,Castard,41.866056,-8.4064036,lobortis sapien sapien non mi integer ac neque duis bibendum morbi non quam nec dui luctus rutrum nulla
4,Domingo,Frostdick,22.543096,114.057865,et magnis dis parturient montes nascetur ridiculus mus vivamus vestibulum sagittis sapien cum sociis natoque penatibus et
5,Bianca,Heape,46.8122174,75.0287331,nam nulla integer pede justo lacinia eget tincidunt eget tempus vel pede morbi porttitor
6,Jedediah,Fairbourne,43.4554,43.5944,phasellus in felis donec semper sapien a libero nam dui proin
7,Junina,Trase,49.6076079,20.0926064,pellentesque ultrices mattis odio donec vitae nisi nam ultrices libero non mattis pulvinar nulla pede ullamcorper augue
8,Lavena,Philipson,33.425934,66.5344159,non mi integer ac neque duis bibendum morbi non quam nec dui
9,Nikolai,Mulloch,41.4514619,-8.4873087,vitae quam suspendisse potenti nullam porttitor lacus at turpis donec posuere metus vitae ipsum
10,Cornall,Hailston,31.221597,121.409352,sapien dignissim vestibulum vestibulum ante ipsum primis in faucibus orci luctus et ultrices posuere cubilia curae nulla dapibus
11,Aube,McDavid,18.2480842,120.6207677,neque duis bibendum morbi non quam nec dui luctus rutrum nulla tellus in
12,Daphene,Reinmar,-6.4594857,105.9141793,neque sapien placerat ante nulla justo aliquam quis turpis eget
13,Birgitta,Slot,49.8932232,12.7301543,morbi vel lectus in quam fringilla rhoncus mauris enim leo rhoncus sed vestibulum sit amet cursus id
14,Paolina,Kabos,41.5146956,-8.2971003,ridiculus mus etiam vel augue vestibulum rutrum rutrum neque aenean auctor gravida sem praesent id massa
15,Lowell,Vanni,-6.3870559,-77.5461785,scelerisque mauris sit amet eros suspendisse accumsan tortor quis turpis
16,Bella,Kinrade,37.5392646,127.2148919,quam pharetra magna ac consequat metus sapien ut nunc vestibulum ante
17,Sarina,Stoyle,31.031933,119.659553,aenean auctor gravida sem praesent id massa id nisl venenatis lacinia aenean sit
18,Melosa,Walsh,32.084041,34.887762,risus auctor sed tristique in tempus sit amet sem fusce consequat nulla nisl nunc nisl duis bibendum felis
19,Lilyan,Pettis,37.7451853,-25.5823865,dolor sit amet consectetuer adipiscing elit proin interdum mauris non ligula pellentesque
20,Kylen,Slingsby,49.879152,15.9316109,non pretium quis lectus suspendisse potenti in eleifend quam a odio in hac habitasse platea dictumst maecenas ut massa
21,Steward,Billett,47.797708,5.2787119,natoque penatibus et magnis dis parturient montes nascetur ridiculus mus
22,Lewie,Flori,40.8207633,24.2429692,dolor sit amet consectetuer adipiscing elit proin interdum mauris non ligula pellentesque ultrices phasellus id sapien in
23,Barde,Kristoffersson,45.2497275,19.3967698,justo aliquam quis turpis eget elit sodales scelerisque mauris sit amet eros suspendisse accumsan tortor
24,Margalo,Dolder,23.07555,112.007814,erat volutpat in congue etiam justo etiam pretium iaculis justo in hac habitasse platea dictumst etiam faucibus cursus urna
25,Abbie,Crossgrove,1.2750177,-77.0334179,non ligula pellentesque ultrices phasellus id sapien in sapien iaculis congue vivamus metus
26,Tyrus,Valintine,18.3558066,-99.87075,cursus id turpis integer aliquet massa id lobortis convallis tortor risus dapibus augue vel accumsan tellus nisi eu
27,Charil,Iacovazzi,40.4810579,50.1454455,neque aenean auctor gravida sem praesent id massa id nisl venenatis
28,Wilhelmine,Duigenan,9.5700231,123.312382,congue etiam justo etiam pretium iaculis justo in hac habitasse platea dictumst etiam faucibus cursus urna ut tellus nulla
29,Hewet,Fuzzens,-10.8731945,39.4217212,erat vestibulum sed magna at nunc commodo placerat praesent blandit nam nulla integer pede justo
30,Leonora,Leighton,48.1079676,-1.5212701,volutpat sapien arcu sed augue aliquam erat volutpat in congue etiam justo etiam pretium iaculis justo
31,Fidel,Morfett,30.9127987,121.9104961,eget rutrum at lorem integer tincidunt ante vel ipsum praesent blandit lacinia erat vestibulum sed magna at nunc
32,Faustina,Lipgens,63.5272366,24.6581193,vulputate ut ultrices vel augue vestibulum ante ipsum primis in
33,Berrie,Shorey,40.232604,116.410742,ligula in lacus curabitur at ipsum ac tellus semper interdum mauris
34,Merrilee,Windrus,-8.4635,115.0159,mauris vulputate elementum nullam varius nulla facilisi cras non velit nec nisi vulputate nonummy maecenas tincidunt lacus at velit
35,Corenda,Ceschelli,55.59754,38.47134,consequat in consequat ut nulla sed accumsan felis ut at dolor quis odio consequat varius integer ac leo pellentesque ultrices
36,Nial,Sandwick,5.5300711,-0.4408037,turpis donec posuere metus vitae ipsum aliquam non mauris morbi non lectus aliquam sit amet
37,Averell,Liddall,23.354091,116.681972,orci luctus et ultrices posuere cubilia curae donec pharetra magna vestibulum aliquet ultrices erat tortor sollicitudin mi sit amet lobortis
38,Tuck,Masser,45.396383,4.3258963,quis lectus suspendisse potenti in eleifend quam a odio in hac habitasse platea dictumst
39,Nester,Luxford,43.0926393,0.7978655,nisl venenatis lacinia aenean sit amet justo morbi ut odio
40,Lyda,Videler,44.0527811,6.1717148,lobortis convallis tortor risus dapibus augue vel accumsan tellus nisi eu orci mauris lacinia sapien quis libero nullam sit
41,Ryun,Mosco,49.7149346,28.8363647,sapien ut nunc vestibulum ante ipsum primis in faucibus orci luctus et ultrices posuere cubilia curae mauris viverra diam vitae
42,Herculie,Naptin,39.4596137,-87.3478243,nam dui proin leo odio porttitor id consequat in consequat ut nulla sed accumsan felis ut at dolor
43,Elise,Riguard,-6.562,105.9917,faucibus cursus urna ut tellus nulla ut erat id mauris vulputate elementum nullam varius nulla facilisi cras
44,Sharlene,Crassweller,35.4731712,137.0375112,justo morbi ut odio cras mi pede malesuada in imperdiet et commodo
45,Demetria,Brimilcome,36.2407094,139.1910402,purus phasellus in felis donec semper sapien a libero nam dui proin leo odio porttitor
46,Janine,Gohn,34.620202,112.453926,orci luctus et ultrices posuere cubilia curae duis faucibus accumsan
47,Flory,Gladyer,22.358416,114.128354,elementum in hac habitasse platea dictumst morbi vestibulum velit id pretium
48,Myer,Hallows,6.191677,-73.0169135,dapibus nulla suscipit ligula in lacus curabitur at ipsum ac tellus semper interdum mauris
49,Caldwell,Dangerfield,16.7742464,121.0882915,ipsum primis in faucibus orci luctus et ultrices posuere cubilia curae nulla dapibus dolor vel est donec odio justo sollicitudin
50,Ara,Rafe,43.193399,128.7887591,imperdiet nullam orci pede venenatis non sodales sed tincidunt eu felis fusce posuere felis sed lacus morbi
51,Gussi,Mein,54.7769326,-101.8448368,magna ac consequat metus sapien ut nunc vestibulum ante ipsum primis in faucibus orci luctus et ultrices posuere cubilia curae
52,Meagan,Scolding,39.0327543,-76.5517132,at nibh in hac habitasse platea dictumst aliquam augue quam sollicitudin vitae consectetuer eget rutrum at lorem integer tincidunt
53,Ted,Abrahmovici,34.500554,103.129954,iaculis congue vivamus metus arcu adipiscing molestie hendrerit at vulputate vitae nisl
54,Reese,Earland,26.641315,100.222545,nulla tempus vivamus in felis eu sapien cursus vestibulum proin eu mi nulla ac enim in
55,Dorolisa,MacKay,49.1656853,16.7861155,curae donec pharetra magna vestibulum aliquet ultrices erat tortor sollicitudin
56,Rodolfo,Colvine,47.3559798,123.9215076,erat fermentum justo nec condimentum neque sapien placerat ante nulla justo aliquam quis turpis eget elit sodales scelerisque
57,Ericha,Franzettoini,25.8038312,-100.3027856,et ultrices posuere cubilia curae mauris viverra diam vitae quam suspendisse potenti nullam porttitor lacus at turpis donec posuere metus
58,Marnia,Bartosek,22.588115,-83.2425711,erat fermentum justo nec condimentum neque sapien placerat ante nulla justo aliquam quis turpis eget elit
59,Maggee,Nursey,10.0910494,-61.5252827,vivamus metus arcu adipiscing molestie hendrerit at vulputate vitae nisl aenean lectus pellentesque eget nunc donec quis orci
60,Roth,Dominique,43.8363441,4.3566473,tortor sollicitudin mi sit amet lobortis sapien sapien non mi
61,Anallese,Gibben,22.2678103,114.2360778,mauris laoreet ut rhoncus aliquet pulvinar sed nisl nunc rhoncus dui vel sem sed sagittis nam congue risus
62,Chancey,Westmacott,-8.2012757,112.1012912,id justo sit amet sapien dignissim vestibulum vestibulum ante ipsum primis
63,Redford,De Vile,49.0993758,-1.0793373,ultrices posuere cubilia curae duis faucibus accumsan odio curabitur convallis duis
64,Kettie,Guerreiro,38.0187253,140.1471983,sagittis nam congue risus semper porta volutpat quam pede lobortis ligula sit amet eleifend pede libero quis orci nullam
65,Maureene,Kellert,54.6593,29.2684,vivamus metus arcu adipiscing molestie hendrerit at vulputate vitae nisl aenean lectus pellentesque eget nunc donec quis
66,Addi,Quaif,45.2977605,2.5135985,mollis molestie lorem quisque ut erat curabitur gravida nisi at nibh
67,Cross,Cherrett,44.284636,129.459707,consequat metus sapien ut nunc vestibulum ante ipsum primis in faucibus orci luctus et ultrices posuere cubilia curae
68,Eleanore,Otterwell,42.972096,126.746309,aliquam erat volutpat in congue etiam justo etiam pretium iaculis justo in hac habitasse platea dictumst etiam
69,Arney,Winspire,-34.5906948,-58.4794982,donec posuere metus vitae ipsum aliquam non mauris morbi non lectus aliquam sit amet diam in magna bibendum imperdiet nullam
70,Selestina,Willbond,42.8983715,71.3979891,tincidunt lacus at velit vivamus vel nulla eget eros elementum pellentesque quisque porta volutpat erat quisque erat eros
71,Iorgos,Irvin,-14.91256,-69.874893,mauris eget massa tempor convallis nulla neque libero convallis eget eleifend luctus ultricies eu nibh quisque
72,Corrina,Brislane,35.00394,104.634983,feugiat non pretium quis lectus suspendisse potenti in eleifend quam
73,Adi,Tomczak,4.6096768,101.1064003,tincidunt nulla mollis molestie lorem quisque ut erat curabitur gravida nisi at nibh in hac habitasse platea dictumst aliquam augue
74,Karola,Gornar,33.4316535,131.3529666,quis justo maecenas rhoncus aliquam lacus morbi quis tortor id nulla ultrices aliquet maecenas leo odio condimentum id luctus nec
75,Neale,Campes,43.6746011,3.9826826,cras in purus eu magna vulputate luctus cum sociis natoque penatibus et magnis dis parturient montes nascetur ridiculus mus
76,Zerk,Huddy,51.55683,105.1262,vestibulum sagittis sapien cum sociis natoque penatibus et magnis dis
77,Weidar,Whiteson,14.0654264,100.6473542,nisi eu orci mauris lacinia sapien quis libero nullam sit
78,Cordi,Roland,9.5183617,-6.482318,vel sem sed sagittis nam congue risus semper porta volutpat quam pede lobortis ligula sit amet eleifend
79,Lowell,Dukesbury,48.0323166,25.7230239,vulputate nonummy maecenas tincidunt lacus at velit vivamus vel nulla eget
80,Donnell,Loudwell,39.109563,117.223371,dui proin leo odio porttitor id consequat in consequat ut nulla sed
81,Corabelle,Antoszczyk,3.1523104,101.7178316,vestibulum ante ipsum primis in faucibus orci luctus et ultrices posuere cubilia curae nulla dapibus dolor vel est
82,Ceciley,Brown,51.1672774,18.0050053,adipiscing elit proin interdum mauris non ligula pellentesque ultrices phasellus id sapien in sapien iaculis congue vivamus metus
83,Moise,Hansford,38.9374004,-9.252733,parturient montes nascetur ridiculus mus etiam vel augue vestibulum rutrum rutrum neque aenean
84,Allin,Scopham,59.272573,17.917045,volutpat eleifend donec ut dolor morbi vel lectus in quam fringilla
85,Shem,Daniel,23.138433,113.351326,mollis molestie lorem quisque ut erat curabitur gravida nisi at nibh in hac
86,Raynor,Costen,41.1588991,-8.0638522,nunc nisl duis bibendum felis sed interdum venenatis turpis enim blandit mi in porttitor pede justo
87,Marcelo,Campling,11.8554828,-86.2183907,phasellus sit amet erat nulla tempus vivamus in felis eu sapien cursus vestibulum proin eu mi nulla ac enim in
88,Sander,Bradden,-17.7332512,168.3273245,tempus semper est quam pharetra magna ac consequat metus sapien ut
89,Mira,Demageard,37.751046,-25.670123,non velit nec nisi vulputate nonummy maecenas tincidunt lacus at velit vivamus vel nulla eget eros elementum
90,Harman,Chadwyck,15.9584937,120.2781338,quis odio consequat varius integer ac leo pellentesque ultrices mattis odio donec vitae nisi nam ultrices libero non mattis
91,Lorne,Torrijos,30.720497,120.26727,congue diam id ornare imperdiet sapien urna pretium nisl ut volutpat sapien arcu sed augue aliquam erat volutpat in
92,Andria,Roxbee,57.2490334,16.4322461,id mauris vulputate elementum nullam varius nulla facilisi cras non velit nec nisi vulputate nonummy maecenas tincidunt lacus
93,Juliette,Weal,22.588115,-83.2425711,suscipit nulla elit ac nulla sed vel enim sit amet nunc
94,Alexandra,Marrill,23.7247599,108.8076195,ac leo pellentesque ultrices mattis odio donec vitae nisi nam
95,Drusi,Render,20.0000983,95.5459787,at velit vivamus vel nulla eget eros elementum pellentesque quisque porta volutpat erat quisque erat eros viverra eget congue eget
96,Tracie,McAlroy,24.561134,112.235945,volutpat convallis morbi odio odio elementum eu interdum eu tincidunt in leo maecenas pulvinar
97,Bonni,Jouanot,5.242598,-75.781831,mattis egestas metus aenean fermentum donec ut mauris eget massa tempor convallis nulla neque libero convallis eget eleifend luctus ultricies
98,Sherlock,Arghent,9.5887428,123.7337859,ipsum dolor sit amet consectetuer adipiscing elit proin risus praesent lectus vestibulum quam sapien varius ut
99,Malissia,Larsen,44.9280296,4.8932938,erat vestibulum sed magna at nunc commodo placerat praesent blandit nam nulla integer pede justo
100,Karisa,Isaksen,57.1355803,103.9325393,molestie sed justo pellentesque viverra pede ac diam cras pellentesque volutpat dui
101,Travus,Seymer,-6.5211331,106.8502879,posuere cubilia curae mauris viverra diam vitae quam suspendisse potenti nullam porttitor lacus
102,Merola,Full,-6.427987,110.9561,orci luctus et ultrices posuere cubilia curae donec pharetra magna vestibulum aliquet ultrices erat tortor sollicitudin mi
103,Emlyn,Weale,49.8970603,22.509917,dis parturient montes nascetur ridiculus mus etiam vel augue vestibulum rutrum rutrum neque
104,Mitchel,Gewer,60.9847449,76.4585878,tellus in sagittis dui vel nisl duis ac nibh fusce lacus purus aliquet at feugiat non pretium quis lectus
105,Lola,Meus,55.807167,37.500595,rutrum rutrum neque aenean auctor gravida sem praesent id massa id nisl venenatis
106,Ingmar,Lafond,44.9468994,-92.9105987,lacus morbi sem mauris laoreet ut rhoncus aliquet pulvinar sed nisl nunc rhoncus dui vel sem sed sagittis nam
107,Abby,Cutriss,-6.90572,109.01489,vestibulum eget vulputate ut ultrices vel augue vestibulum ante ipsum primis in
108,Braden,Banbrigge,39.732646,112.040028,convallis nunc proin at turpis a pede posuere nonummy integer non velit donec diam
109,Ezechiel,Dibbe,29.4315861,106.912251,hac habitasse platea dictumst aliquam augue quam sollicitudin vitae consectetuer eget rutrum
110,Annamaria,Inglesant,-8.1500032,112.3695412,donec vitae nisi nam ultrices libero non mattis pulvinar nulla pede ullamcorper augue a suscipit nulla elit ac nulla
111,Demeter,Parkins,52.2627273,-8.2755058,lectus aliquam sit amet diam in magna bibendum imperdiet nullam orci pede venenatis non sodales
112,Sander,Fawloe,40.1420033,-82.9770371,curabitur convallis duis consequat dui nec nisi volutpat eleifend donec ut dolor morbi vel lectus in quam fringilla rhoncus mauris
113,Ansley,Gambell,27.4583303,120.3078508,massa quis augue luctus tincidunt nulla mollis molestie lorem quisque ut erat curabitur gravida nisi at nibh in hac habitasse
114,Verna,Drayton,53.5380522,17.2364118,elementum pellentesque quisque porta volutpat erat quisque erat eros viverra eget congue eget semper rutrum nulla nunc
115,Anatollo,Dorie,56.4428126,59.129251,nunc vestibulum ante ipsum primis in faucibus orci luctus et ultrices posuere cubilia curae
116,Katleen,Aulton,53.9024585,17.9194558,curabitur at ipsum ac tellus semper interdum mauris ullamcorper purus sit amet nulla quisque arcu libero
117,Rose,Penswick,-9.548008,-76.66935,vestibulum sed magna at nunc commodo placerat praesent blandit nam nulla integer pede justo lacinia eget tincidunt eget
118,Ephrem,Trewhella,14.299475,-88.1706047,integer ac neque duis bibendum morbi non quam nec dui luctus rutrum nulla tellus
119,Kelcey,Lauthian,32.9901655,130.608934,tellus nulla ut erat id mauris vulputate elementum nullam varius nulla facilisi cras
120,Sisile,Caff,14.5302201,100.9192009,nulla mollis molestie lorem quisque ut erat curabitur gravida nisi at nibh in
121,Lew,Stourton,-22.7561319,-43.4607419,cursus id turpis integer aliquet massa id lobortis convallis tortor risus
122,Karie,Pauleit,36.1678611,-115.0406679,sed accumsan felis ut at dolor quis odio consequat varius integer ac leo
123,Evelin,Leishman,40.7760704,44.5477905,sapien placerat ante nulla justo aliquam quis turpis eget elit sodales
124,Gray,Linggood,-7.01771,109.5463954,laoreet ut rhoncus aliquet pulvinar sed nisl nunc rhoncus dui vel sem
125,Tod,Casel,41.403128,119.64328,consequat ut nulla sed accumsan felis ut at dolor quis odio consequat varius integer ac leo pellentesque ultrices mattis
126,Gale,Whitsun,-8.401854,114.118103,imperdiet nullam orci pede venenatis non sodales sed tincidunt eu felis fusce posuere felis
127,Friedrich,Rootes,-17.0127475,48.571263,urna pretium nisl ut volutpat sapien arcu sed augue aliquam erat
128,Raphaela,Mc Meekan,14.1313261,122.8277624,cursus vestibulum proin eu mi nulla ac enim in tempor turpis nec euismod scelerisque quam turpis adipiscing lorem vitae mattis
129,Dorolisa,Brickett,-8.5261,121.9715,maecenas tristique est et tempus semper est quam pharetra magna ac consequat
130,Guthrey,Cornelisse,38.8062871,139.9346659,consectetuer eget rutrum at lorem integer tincidunt ante vel ipsum praesent blandit lacinia
131,Lilllie,Middleweek,28.373163,116.079637,in lacus curabitur at ipsum ac tellus semper interdum mauris ullamcorper purus sit amet nulla quisque
132,Burr,Hubane,30.63166,114.040353,eros elementum pellentesque quisque porta volutpat erat quisque erat eros viverra eget congue eget
133,Giustino,Sterre,40.9369019,44.777047,pede venenatis non sodales sed tincidunt eu felis fusce posuere felis sed lacus morbi sem mauris laoreet ut rhoncus
134,Nichol,Angelini,64.918515,16.2948002,ac est lacinia nisi venenatis tristique fusce congue diam id ornare imperdiet sapien urna
135,Daile,Vanne,32.1957948,48.254283,ante ipsum primis in faucibus orci luctus et ultrices posuere cubilia curae nulla dapibus dolor vel est
136,Perry,Woolpert,55.9129296,13.1018168,mollis molestie lorem quisque ut erat curabitur gravida nisi at nibh
137,Bruis,Skelington,46.975033,31.9945829,lobortis sapien sapien non mi integer ac neque duis bibendum morbi non quam nec dui luctus rutrum nulla tellus
138,Merell,Stenton,9.8045793,125.4425344,fermentum justo nec condimentum neque sapien placerat ante nulla justo aliquam quis turpis eget elit sodales scelerisque mauris sit
139,Gamaliel,Biasio,41.1694718,75.8098141,justo maecenas rhoncus aliquam lacus morbi quis tortor id nulla ultrices aliquet maecenas
140,Lavena,Jirieck,48.3000957,39.7430006,varius integer ac leo pellentesque ultrices mattis odio donec vitae nisi nam ultrices libero non mattis
141,Lorena,Spinozzi,-1.4391409,-46.3624686,dis parturient montes nascetur ridiculus mus etiam vel augue vestibulum rutrum rutrum neque aenean auctor gravida sem
142,Sal,Masding,27.69965,108.839557,eu interdum eu tincidunt in leo maecenas pulvinar lobortis est phasellus sit amet erat nulla tempus vivamus
143,Ransom,Pounsett,40.7388893,43.9061272,tincidunt in leo maecenas pulvinar lobortis est phasellus sit amet
144,Amos,Giggie,43.2934614,44.0309924,ac consequat metus sapien ut nunc vestibulum ante ipsum primis in faucibus orci luctus
145,Kalvin,Eim,53.42049,16.81504,porttitor lorem id ligula suspendisse ornare consequat lectus in est risus auctor
146,Donalt,Swettenham,40.400903,116.771211,amet consectetuer adipiscing elit proin risus praesent lectus vestibulum quam sapien varius ut blandit
147,Kermit,Kissell,24.776827,106.556519,sit amet diam in magna bibendum imperdiet nullam orci pede venenatis non sodales
148,Ninette,Kubyszek,30.600064,114.309091,interdum eu tincidunt in leo maecenas pulvinar lobortis est phasellus sit amet erat
149,Dalia,Baistow,46.426574,14.0833019,in lacus curabitur at ipsum ac tellus semper interdum mauris ullamcorper purus sit amet nulla quisque arcu libero rutrum
150,Trev,Poli,49.4289115,23.7472952,morbi vel lectus in quam fringilla rhoncus mauris enim leo rhoncus sed vestibulum sit amet cursus id
151,Margie,Cotterrill,40.657978,109.840313,at nulla suspendisse potenti cras in purus eu magna vulputate luctus
152,Thorvald,Swanne,42.4423768,-8.6463086,at lorem integer tincidunt ante vel ipsum praesent blandit lacinia
153,Ellwood,Dick,34.6816856,126.9069278,sed tincidunt eu felis fusce posuere felis sed lacus morbi sem mauris laoreet ut rhoncus aliquet pulvinar sed nisl
154,Pebrook,McClancy,34.75,10.78333,donec odio justo sollicitudin ut suscipit a feugiat et eros vestibulum ac est lacinia nisi venenatis
155,Kendall,Sapauton,-27.8846801,25.1533426,odio consequat varius integer ac leo pellentesque ultrices mattis odio donec vitae nisi nam
156,Angeli,Melburg,59.9026039,10.767309,arcu sed augue aliquam erat volutpat in congue etiam justo etiam pretium iaculis
157,Camile,Raithbie,-6.55307,106.27124,pellentesque ultrices phasellus id sapien in sapien iaculis congue vivamus metus arcu adipiscing molestie hendrerit at vulputate vitae
158,Barry,Bean,57.8948,55.9378,tempor convallis nulla neque libero convallis eget eleifend luctus ultricies eu nibh quisque id justo sit
159,Bernetta,Dogerty,49.2066705,2.0391896,nullam molestie nibh in lectus pellentesque at nulla suspendisse potenti cras in purus eu magna vulputate
160,Con,Petheridge,41.8038684,140.7289269,eget orci vehicula condimentum curabitur in libero ut massa volutpat convallis morbi odio odio elementum
161,Lorette,McLese,56.7481754,61.3755425,habitasse platea dictumst maecenas ut massa quis augue luctus tincidunt nulla mollis molestie lorem quisque ut erat curabitur
162,Rodrique,La Wille,-20.0877391,-51.0966063,pretium iaculis justo in hac habitasse platea dictumst etiam faucibus cursus
163,Libbie,Manske,41.11028,21.01139,in congue etiam justo etiam pretium iaculis justo in hac habitasse platea dictumst etiam faucibus cursus urna
164,Cameron,Shimon,29.531057,112.540463,vitae quam suspendisse potenti nullam porttitor lacus at turpis donec posuere metus vitae ipsum aliquam non
165,Morganica,Demougeot,46.562247,125.1353261,nibh ligula nec sem duis aliquam convallis nunc proin at turpis a pede posuere nonummy integer non velit
166,Gisella,MacPhee,32.082978,35.364579,in felis eu sapien cursus vestibulum proin eu mi nulla ac enim in tempor
167,Halsy,Laux,24.0993614,115.2778465,gravida nisi at nibh in hac habitasse platea dictumst aliquam augue quam sollicitudin vitae consectetuer eget rutrum at
168,Renelle,Felix,-22.0077937,-51.5531899,ut erat curabitur gravida nisi at nibh in hac habitasse platea dictumst aliquam augue quam sollicitudin vitae consectetuer eget rutrum
169,Anabelle,Paddingdon,19.150464,100.0359661,a libero nam dui proin leo odio porttitor id consequat in
170,Tamma,Bartke,54.1,23.7,eleifend pede libero quis orci nullam molestie nibh in lectus pellentesque at
171,Paddie,Keble,48.8120404,2.2718631,in porttitor pede justo eu massa donec dapibus duis at velit eu est congue elementum in hac habitasse platea dictumst
172,Henka,Culvey,14.4223149,-16.702825,fusce lacus purus aliquet at feugiat non pretium quis lectus suspendisse potenti in eleifend
173,Fannie,Bearns,-7.1293143,111.7033357,tellus in sagittis dui vel nisl duis ac nibh fusce
174,Zita,Grisenthwaite,23.36225,103.374576,primis in faucibus orci luctus et ultrices posuere cubilia curae mauris viverra diam vitae quam suspendisse potenti nullam porttitor lacus
175,Garry,Tremaine,8.0882791,-63.5535552,donec pharetra magna vestibulum aliquet ultrices erat tortor sollicitudin mi sit amet lobortis sapien sapien non mi integer
176,Herta,Grimble,-29.8524975,-51.1845782,purus phasellus in felis donec semper sapien a libero nam dui proin leo odio porttitor id
177,Rosemarie,Heningam,-6.8939065,109.6386363,massa id lobortis convallis tortor risus dapibus augue vel accumsan tellus
178,Lyssa,Boeter,40.4970602,22.8338979,interdum eu tincidunt in leo maecenas pulvinar lobortis est phasellus sit amet erat nulla
179,Lovell,Poletto,-8.4358333,119.9916667,libero quis orci nullam molestie nibh in lectus pellentesque at nulla suspendisse potenti cras in purus eu magna
180,Christi,Corbould,-23.8182859,-46.0851681,ipsum ac tellus semper interdum mauris ullamcorper purus sit amet nulla quisque arcu libero rutrum ac lobortis vel
181,Shawn,Libbis,-4.423943,11.69283,dolor vel est donec odio justo sollicitudin ut suscipit a feugiat et eros
182,Davy,Hallas,21.377246,110.250123,accumsan tellus nisi eu orci mauris lacinia sapien quis libero nullam sit amet
183,Lanae,Howison,32.2746515,35.8960765,molestie lorem quisque ut erat curabitur gravida nisi at nibh in hac habitasse platea dictumst aliquam augue
184,Mord,Baudino,24.347324,102.527197,sodales scelerisque mauris sit amet eros suspendisse accumsan tortor quis turpis sed ante vivamus
185,Diane,Gauvain,32.874735,117.531622,dolor sit amet consectetuer adipiscing elit proin risus praesent lectus vestibulum quam sapien varius ut blandit non interdum
186,Retha,Meneo,41.4230192,20.2030313,tincidunt ante vel ipsum praesent blandit lacinia erat vestibulum sed magna at nunc commodo placerat praesent blandit nam nulla integer
187,Violet,Gooble,7.3775355,3.9470396,eu nibh quisque id justo sit amet sapien dignissim vestibulum vestibulum ante ipsum primis in faucibus orci luctus et
188,Gordon,Thunder,49.6522215,23.486531,pede malesuada in imperdiet et commodo vulputate justo in blandit ultrices enim lorem ipsum
189,Jayme,Boggish,31.396843,34.365268,posuere felis sed lacus morbi sem mauris laoreet ut rhoncus aliquet pulvinar sed nisl nunc
190,Phip,Geach,-6.7076379,111.3709499,ligula vehicula consequat morbi a ipsum integer a nibh in quis justo maecenas rhoncus aliquam lacus morbi
191,Brinna,O' Sullivan,34.527114,108.842622,eget massa tempor convallis nulla neque libero convallis eget eleifend luctus ultricies eu nibh quisque id justo sit amet sapien
192,Beulah,Lemarie,25.234479,110.179953,vel augue vestibulum ante ipsum primis in faucibus orci luctus et ultrices
193,Ana,Stellin,-31.3266229,-64.2603216,molestie lorem quisque ut erat curabitur gravida nisi at nibh in hac habitasse platea dictumst
194,Godart,Willatt,-7.31054,107.77903,sed justo pellentesque viverra pede ac diam cras pellentesque volutpat dui maecenas tristique est et tempus semper
195,Urbain,MacLoughlin,27.948308,109.599191,porta volutpat erat quisque erat eros viverra eget congue eget semper rutrum nulla
196,Berna,Garnsworth,47.692143,34.0079801,commodo vulputate justo in blandit ultrices enim lorem ipsum dolor sit amet consectetuer adipiscing elit
197,Jecho,Jerg,30.509648,113.084237,imperdiet sapien urna pretium nisl ut volutpat sapien arcu sed augue aliquam erat volutpat in congue etiam
198,Nonnah,Jossel,-8.081766,-78.0883695,sapien cursus vestibulum proin eu mi nulla ac enim in tempor turpis nec euismod scelerisque quam turpis adipiscing lorem
199,Marleah,Wormleighton,14.7790314,-16.9638997,libero nam dui proin leo odio porttitor id consequat in consequat
200,Maryjane,Biagi,34.8061587,70.9784562,aenean fermentum donec ut mauris eget massa tempor convallis nulla neque libero convallis eget eleifend luctus ultricies
201,Hynda,Grotty,48.8959487,2.2679278,ac enim in tempor turpis nec euismod scelerisque quam turpis adipiscing lorem vitae mattis nibh
202,Drew,Dealey,-9.9423239,124.3865392,arcu adipiscing molestie hendrerit at vulputate vitae nisl aenean lectus
203,Fancy,Haney,-2.2161048,113.913977,penatibus et magnis dis parturient montes nascetur ridiculus mus vivamus vestibulum sagittis sapien
204,Pierrette,Akam,36.681449,69.1149051,id nulla ultrices aliquet maecenas leo odio condimentum id luctus nec
205,Felizio,McDonagh,2.3629945,34.2421597,porta volutpat erat quisque erat eros viverra eget congue eget semper rutrum nulla nunc purus phasellus in
206,Everard,Orpyne,51.7565958,20.9183286,consequat in consequat ut nulla sed accumsan felis ut at dolor quis
207,Pascal,Parsonage,8.9721547,37.8618422,cursus id turpis integer aliquet massa id lobortis convallis tortor risus dapibus augue vel accumsan tellus nisi
208,Jacintha,Corryer,26.7297141,86.4794359,tincidunt nulla mollis molestie lorem quisque ut erat curabitur gravida nisi at nibh in hac habitasse platea dictumst aliquam
209,Lotte,MacCartan,49.5234905,14.4280868,est et tempus semper est quam pharetra magna ac consequat metus sapien ut nunc vestibulum ante ipsum primis in
210,Felic,MacDonogh,43.5757545,21.331051,gravida sem praesent id massa id nisl venenatis lacinia aenean sit amet justo morbi
211,Hetti,Mahood,-3.7436735,-73.2516326,at nulla suspendisse potenti cras in purus eu magna vulputate
212,Kelci,Eaklee,30.847047,116.363101,pretium iaculis justo in hac habitasse platea dictumst etiam faucibus cursus urna ut tellus nulla ut erat id mauris vulputate
213,Alameda,Roscow,7.2675115,28.678979,enim in tempor turpis nec euismod scelerisque quam turpis adipiscing lorem vitae mattis nibh ligula nec sem duis aliquam convallis
214,Emelen,Hunstone,54.982808,73.328393,massa volutpat convallis morbi odio odio elementum eu interdum eu tincidunt in leo maecenas pulvinar lobortis est phasellus
215,Chanda,Bettam,2.9667878,32.0837445,pede venenatis non sodales sed tincidunt eu felis fusce posuere felis sed lacus morbi sem mauris laoreet
216,Gertrude,Royston,-12.8490559,45.1394745,sapien ut nunc vestibulum ante ipsum primis in faucibus orci luctus et ultrices posuere cubilia curae mauris viverra diam vitae
217,Tiphanie,Mustoe,29.623319,100.222137,rutrum ac lobortis vel dapibus at diam nam tristique tortor eu pede
218,Denys,Bricksey,3.22059,-76.415465,purus aliquet at feugiat non pretium quis lectus suspendisse potenti in eleifend quam a odio
219,Ambur,Beswick,41.0423985,21.3607894,id justo sit amet sapien dignissim vestibulum vestibulum ante ipsum primis in faucibus orci
220,Raffaello,Bowyer,62.4144225,17.2870792,platea dictumst aliquam augue quam sollicitudin vitae consectetuer eget rutrum at lorem integer tincidunt ante vel ipsum praesent
221,Morley,Cockaday,-3.9997372,-38.4429274,sociis natoque penatibus et magnis dis parturient montes nascetur ridiculus mus etiam vel augue vestibulum rutrum rutrum neque aenean auctor
222,Aurel,Kellick,59.3606836,17.9701456,ultrices posuere cubilia curae nulla dapibus dolor vel est donec odio justo sollicitudin ut suscipit a
223,Cissiee,Lotze,-26.8985232,27.4732571,elementum pellentesque quisque porta volutpat erat quisque erat eros viverra
224,Rica,Boundy,37.429832,110.88907,nunc rhoncus dui vel sem sed sagittis nam congue risus semper porta volutpat quam pede lobortis ligula
225,Winna,Colborn,40.4579077,-7.845845,cubilia curae donec pharetra magna vestibulum aliquet ultrices erat tortor sollicitudin mi sit amet lobortis
226,Justin,Oddie,24.8805556,102.4752778,donec ut mauris eget massa tempor convallis nulla neque libero convallis
227,Sharla,Belfrage,48.890054,2.2372792,mauris ullamcorper purus sit amet nulla quisque arcu libero rutrum ac lobortis vel
228,Silvan,McCathie,13.7946714,5.2527741,erat curabitur gravida nisi at nibh in hac habitasse platea dictumst aliquam augue quam sollicitudin
229,Bill,Katz,-3.4944313,31.9899648,rhoncus aliquam lacus morbi quis tortor id nulla ultrices aliquet maecenas leo odio condimentum id luctus nec molestie
230,Deana,Teml,-34.7235134,-58.7945777,ultrices erat tortor sollicitudin mi sit amet lobortis sapien sapien
231,Heinrick,O'Hannen,9.7016493,-84.1005807,felis sed interdum venenatis turpis enim blandit mi in porttitor pede justo eu massa donec
232,Mirella,Efford,41.9986907,21.4874715,pellentesque ultrices phasellus id sapien in sapien iaculis congue vivamus metus arcu adipiscing
233,Arny,Tytler,-23.7461236,-46.3958816,curae duis faucibus accumsan odio curabitur convallis duis consequat dui nec nisi volutpat
234,Reinaldo,Salzburger,9.9037751,4.4053497,ut odio cras mi pede malesuada in imperdiet et commodo vulputate justo in blandit ultrices enim lorem ipsum
235,Demetra,Shulver,45.8029045,38.9986184,sodales scelerisque mauris sit amet eros suspendisse accumsan tortor quis turpis sed ante vivamus tortor
236,Gabi,Harower,40.9971976,22.5703984,amet sapien dignissim vestibulum vestibulum ante ipsum primis in faucibus orci luctus et ultrices posuere cubilia curae nulla dapibus dolor
237,Sheena,Folbigg,0.965759,31.7195459,est donec odio justo sollicitudin ut suscipit a feugiat et eros vestibulum ac est lacinia nisi venenatis tristique fusce congue
238,Lelia,Impey,38.8905198,-7.5457633,fusce congue diam id ornare imperdiet sapien urna pretium nisl ut volutpat sapien arcu sed augue aliquam
239,Tamas,Quarrell,21.857958,111.982232,aliquet pulvinar sed nisl nunc rhoncus dui vel sem sed sagittis nam congue risus semper porta
240,Rolfe,Duferie,46.3194856,-0.4546217,proin eu mi nulla ac enim in tempor turpis nec euismod scelerisque quam turpis
241,Rickert,Papachristophorou,-20.9096549,-51.3860303,etiam justo etiam pretium iaculis justo in hac habitasse platea dictumst etiam faucibus cursus urna ut tellus
242,Shoshanna,Heffron,35.1002148,-89.8500299,morbi quis tortor id nulla ultrices aliquet maecenas leo odio condimentum id
243,Pam,Petcher,-34.5484605,-58.5717015,aenean auctor gravida sem praesent id massa id nisl venenatis lacinia aenean sit amet justo morbi ut odio
244,Stanton,Zanioletti,27.872028,112.969479,cras non velit nec nisi vulputate nonummy maecenas tincidunt lacus
245,Channa,Sorsby,6.8954177,126.0203934,elementum pellentesque quisque porta volutpat erat quisque erat eros viverra eget congue eget semper rutrum nulla nunc purus phasellus in
246,Bobby,Mont,38.4112661,140.3538627,pellentesque ultrices mattis odio donec vitae nisi nam ultrices libero non mattis
247,Caz,Gumly,29.270311,88.880492,ligula nec sem duis aliquam convallis nunc proin at turpis a pede posuere nonummy integer non velit donec diam neque
248,Lorin,Lawman,52.8769629,17.950135,metus sapien ut nunc vestibulum ante ipsum primis in faucibus orci luctus et ultrices posuere cubilia curae mauris
249,Dorie,Bonnavant,59.2690316,18.0588936,justo nec condimentum neque sapien placerat ante nulla justo aliquam quis turpis eget elit sodales scelerisque mauris sit
250,Elsi,Tarbin,-9.1015826,160.147069,tempor turpis nec euismod scelerisque quam turpis adipiscing lorem vitae mattis nibh ligula nec sem duis aliquam convallis
251,Devlin,Collaton,-8.4734,119.9896,turpis sed ante vivamus tortor duis mattis egestas metus aenean fermentum
252,Cece,Fletcher,22.993423,113.718807,fermentum donec ut mauris eget massa tempor convallis nulla neque libero convallis eget eleifend luctus ultricies eu nibh quisque id
253,Kelcie,Wilsone,-18.9745738,-49.4600885,mauris vulputate elementum nullam varius nulla facilisi cras non velit nec nisi vulputate nonummy maecenas tincidunt lacus
254,Albert,Farmar,19.7899891,-99.6684882,elit proin interdum mauris non ligula pellentesque ultrices phasellus id sapien in sapien iaculis congue vivamus metus arcu
255,Sioux,Lusgdin,37.105382,116.694361,nec nisi volutpat eleifend donec ut dolor morbi vel lectus in quam fringilla rhoncus mauris enim leo rhoncus sed vestibulum
256,Luca,Hussell,13.9803424,-90.2043971,imperdiet et commodo vulputate justo in blandit ultrices enim lorem ipsum
257,Selena,Berkelay,-24.8009137,-65.426487,rhoncus mauris enim leo rhoncus sed vestibulum sit amet cursus
258,Carrol,Heilds,-7.3055997,108.0940566,erat fermentum justo nec condimentum neque sapien placerat ante nulla justo aliquam
259,Pattin,Aspinell,38.9080786,-77.0406147,ut nulla sed accumsan felis ut at dolor quis odio consequat varius integer ac leo pellentesque ultrices mattis odio
260,Ferris,Bahls,-6.4153234,108.3890321,sagittis sapien cum sociis natoque penatibus et magnis dis parturient
261,Brynne,Sharratt,-7.0972,113.6404,quisque porta volutpat erat quisque erat eros viverra eget congue eget
262,Jarred,Simmonett,39.3641607,-7.7461418,augue vestibulum ante ipsum primis in faucibus orci luctus et ultrices posuere cubilia curae donec pharetra magna
263,Rubia,Horder,53.4102363,24.5338655,neque libero convallis eget eleifend luctus ultricies eu nibh quisque id justo sit amet sapien dignissim vestibulum vestibulum
264,Ronnie,MacCaughan,36.07222,14.23583,iaculis diam erat fermentum justo nec condimentum neque sapien placerat ante
265,Jennie,Bearns,40.9369019,44.777047,viverra eget congue eget semper rutrum nulla nunc purus phasellus in felis donec semper sapien a libero nam
266,Zachary,Casley,41.217649,123.1966721,ultrices posuere cubilia curae duis faucibus accumsan odio curabitur convallis duis consequat dui nec nisi volutpat eleifend donec
267,Oralle,Concannon,-8.8025,117.7774,id consequat in consequat ut nulla sed accumsan felis ut at dolor quis odio consequat varius integer ac leo pellentesque
268,Timoteo,Fidian,48.017152,23.572467,felis donec semper sapien a libero nam dui proin leo
269,Claudie,Kinig,23.018033,-82.3343375,eu orci mauris lacinia sapien quis libero nullam sit amet
270,Carlene,Duffell,23.7247599,108.8076195,sed ante vivamus tortor duis mattis egestas metus aenean fermentum donec ut
271,Jewell,Morin,59.3015113,17.9981495,lectus in quam fringilla rhoncus mauris enim leo rhoncus sed vestibulum sit amet cursus id turpis integer aliquet massa
272,Friedrick,Zammett,29.270311,88.880492,morbi porttitor lorem id ligula suspendisse ornare consequat lectus in est risus auctor sed tristique in tempus
273,Thebault,Baudassi,39.930195,114.746256,pede justo lacinia eget tincidunt eget tempus vel pede morbi porttitor lorem id
274,Anthiathia,Pitkethly,-4.0087147,136.0369403,dui luctus rutrum nulla tellus in sagittis dui vel nisl duis ac nibh
275,Stanislaw,Poulston,40.6180185,-8.7338528,sodales scelerisque mauris sit amet eros suspendisse accumsan tortor quis turpis sed ante vivamus
276,Bevin,Comelini,28.260141,112.571923,sapien arcu sed augue aliquam erat volutpat in congue etiam justo
277,Giselbert,Kennealy,7.9187344,125.3297787,amet erat nulla tempus vivamus in felis eu sapien cursus vestibulum
278,Franciskus,Kinze,-6.7728847,110.816549,ultrices posuere cubilia curae donec pharetra magna vestibulum aliquet ultrices erat tortor sollicitudin mi sit amet
279,Jimmy,Dishman,-7.1269261,112.3337769,montes nascetur ridiculus mus vivamus vestibulum sagittis sapien cum sociis natoque penatibus et magnis dis parturient
280,Durant,Kaspar,45.3913779,40.1763516,convallis duis consequat dui nec nisi volutpat eleifend donec ut dolor morbi vel lectus
281,Ashlan,Romer,29.584292,111.380014,condimentum neque sapien placerat ante nulla justo aliquam quis turpis
282,Caren,Delos,47.535711,29.4562298,sodales scelerisque mauris sit amet eros suspendisse accumsan tortor quis turpis sed ante vivamus tortor
283,Lancelot,Ossenna,-2.7129174,102.8917556,potenti in eleifend quam a odio in hac habitasse platea dictumst maecenas ut
284,Anatole,Gringley,46.0765073,-66.7299108,nec euismod scelerisque quam turpis adipiscing lorem vitae mattis nibh ligula nec sem duis aliquam convallis nunc proin
285,Bart,Sauvain,35.4297161,134.3869188,purus phasellus in felis donec semper sapien a libero nam dui
286,Giffer,Walkington,60.2025952,24.904004,donec vitae nisi nam ultrices libero non mattis pulvinar nulla pede ullamcorper augue a suscipit nulla
287,Alisun,Cumesky,2.298952,98.1120116,viverra dapibus nulla suscipit ligula in lacus curabitur at ipsum ac tellus semper interdum mauris ullamcorper purus sit amet nulla
288,Rice,Seage,55.8930684,37.585677,id ornare imperdiet sapien urna pretium nisl ut volutpat sapien arcu sed augue aliquam erat volutpat
289,Maxine,Cadalleder,-31.5720128,28.7649835,est congue elementum in hac habitasse platea dictumst morbi vestibulum velit id pretium iaculis diam erat
290,Reilly,Hickenbottom,15.3483742,-88.3967536,augue luctus tincidunt nulla mollis molestie lorem quisque ut erat curabitur gravida
291,Zack,Fortune,46.524052,41.5008684,ac consequat metus sapien ut nunc vestibulum ante ipsum primis in faucibus orci luctus
292,Lenora,Litchmore,14.3407483,121.0650042,ligula sit amet eleifend pede libero quis orci nullam molestie nibh in
293,Andra,Potier,40.211932,-8.8417565,gravida sem praesent id massa id nisl venenatis lacinia aenean sit amet justo morbi ut
294,Molli,Alyonov,6.9894019,79.8933077,est lacinia nisi venenatis tristique fusce congue diam id ornare imperdiet sapien urna pretium nisl ut volutpat sapien arcu sed
295,Gayelord,Wheatley,50.216501,21.6671416,lorem ipsum dolor sit amet consectetuer adipiscing elit proin interdum mauris non ligula pellentesque ultrices
296,Emmie,Bolt,-30.0319,-70.7081,molestie lorem quisque ut erat curabitur gravida nisi at nibh in hac
297,Rufe,Tollemache,56.6739933,16.2869539,turpis integer aliquet massa id lobortis convallis tortor risus dapibus augue vel
298,Nathaniel,Toquet,59.3625458,17.9989049,ultrices aliquet maecenas leo odio condimentum id luctus nec molestie sed justo pellentesque viverra pede ac diam
299,Aguste,O'Hare,42.5246357,87.5395855,hac habitasse platea dictumst etiam faucibus cursus urna ut tellus nulla ut
300,Lane,Whitsun,22.919228,115.652151,non mauris morbi non lectus aliquam sit amet diam in magna bibendum imperdiet nullam orci
301,Ester,Taffurelli,48.3162239,24.9330262,nulla ac enim in tempor turpis nec euismod scelerisque quam turpis
302,Tiffanie,Prestwich,57.1785037,14.0676645,et commodo vulputate justo in blandit ultrices enim lorem ipsum dolor
303,Aila,Bastiman,7.1962805,125.4078017,amet cursus id turpis integer aliquet massa id lobortis convallis tortor risus dapibus augue vel accumsan tellus
304,Nathalie,Bothwell,29.809116,119.781131,odio porttitor id consequat in consequat ut nulla sed accumsan felis ut at dolor quis odio consequat varius
305,Alis,Clinnick,41.7669671,129.723402,platea dictumst morbi vestibulum velit id pretium iaculis diam erat fermentum justo nec condimentum neque sapien
306,Astrix,Colby,24.3635886,88.6241351,egestas metus aenean fermentum donec ut mauris eget massa tempor convallis nulla neque libero convallis
307,Barnie,Boller,-34.5484605,-58.5717015,primis in faucibus orci luctus et ultrices posuere cubilia curae duis faucibus accumsan odio curabitur convallis duis consequat dui nec
308,Sebastian,Lening,31.7746473,73.5953173,et magnis dis parturient montes nascetur ridiculus mus etiam vel augue vestibulum rutrum rutrum
309,Steve,Coldwell,44.509727,18.0254081,vivamus vestibulum sagittis sapien cum sociis natoque penatibus et magnis dis
310,Roger,Dalston,28.55386,112.35518,ligula vehicula consequat morbi a ipsum integer a nibh in quis justo maecenas rhoncus aliquam
311,Prentiss,Bosworth,19.42998,-99.2130842,rutrum nulla tellus in sagittis dui vel nisl duis ac nibh fusce lacus purus aliquet at feugiat non pretium
312,Dee,Brackenridge,43.7441795,2.511999,fusce lacus purus aliquet at feugiat non pretium quis lectus
313,Otho,Piscopo,9.9578348,124.1789637,penatibus et magnis dis parturient montes nascetur ridiculus mus vivamus vestibulum sagittis sapien cum sociis natoque penatibus et magnis dis
314,Tito,Bourner,41.8499561,-87.650042,eu felis fusce posuere felis sed lacus morbi sem mauris laoreet ut rhoncus aliquet pulvinar sed
315,Ange,Soda,50.1157078,8.6591469,duis consequat dui nec nisi volutpat eleifend donec ut dolor morbi vel lectus in quam fringilla rhoncus
316,Creight,Canaan,39.886547,116.989574,quam sapien varius ut blandit non interdum in ante vestibulum ante ipsum primis in faucibus orci luctus et ultrices posuere
317,Stan,Tschirschky,32.2514545,-110.8374104,auctor gravida sem praesent id massa id nisl venenatis lacinia aenean sit
318,Hubie,Kunneke,-23.1427013,-44.1663455,rhoncus aliquet pulvinar sed nisl nunc rhoncus dui vel sem sed sagittis nam congue risus
319,Alfy,Shirtcliffe,60.5381467,15.427113,quam fringilla rhoncus mauris enim leo rhoncus sed vestibulum sit amet cursus id turpis integer
320,Gayle,Pether,15.4053048,-91.7142051,euismod scelerisque quam turpis adipiscing lorem vitae mattis nibh ligula nec sem
321,Justis,Benns,7.916433,124.200182,nulla neque libero convallis eget eleifend luctus ultricies eu nibh quisque
322,Denyse,Thain,45.1810363,19.9442694,massa id lobortis convallis tortor risus dapibus augue vel accumsan
323,Innis,Rennix,-4.4606478,-65.6658568,tristique fusce congue diam id ornare imperdiet sapien urna pretium
324,Taddeo,Sellwood,30.113962,118.169798,primis in faucibus orci luctus et ultrices posuere cubilia curae donec pharetra magna vestibulum aliquet
325,Flinn,Bonicelli,49.0344853,2.2178783,est congue elementum in hac habitasse platea dictumst morbi vestibulum velit id pretium iaculis diam erat fermentum
326,Nissy,Margiotta,18.5118006,105.2662931,rutrum neque aenean auctor gravida sem praesent id massa id nisl venenatis lacinia aenean sit amet justo morbi
327,Bastian,Geikie,22.817002,108.366543,natoque penatibus et magnis dis parturient montes nascetur ridiculus mus vivamus
328,Con,Rospars,6.9641667,158.2083333,lacinia aenean sit amet justo morbi ut odio cras mi pede malesuada in imperdiet et commodo vulputate justo in blandit
329,Siegfried,Guwer,59.4310564,26.2664249,potenti nullam porttitor lacus at turpis donec posuere metus vitae ipsum aliquam
330,Theresa,Burniston,16.1797497,107.7215969,vulputate ut ultrices vel augue vestibulum ante ipsum primis in faucibus orci
331,Wesley,Lingner,25.0522614,-78.0430817,morbi non lectus aliquam sit amet diam in magna bibendum imperdiet nullam orci
332,Slade,Eddolls,9.9037751,4.4053497,risus dapibus augue vel accumsan tellus nisi eu orci mauris
333,Glad,Carrigan,41.0057729,71.6436028,nunc commodo placerat praesent blandit nam nulla integer pede justo lacinia eget tincidunt
334,Stavro,Giacometti,29.295,47.93306,sed tincidunt eu felis fusce posuere felis sed lacus morbi sem mauris laoreet ut rhoncus aliquet pulvinar sed nisl nunc
335,Magda,Thorndale,33.12688,106.558023,rutrum rutrum neque aenean auctor gravida sem praesent id massa id nisl venenatis lacinia aenean sit
336,Dave,Doughtery,50.480431,121.682569,rutrum neque aenean auctor gravida sem praesent id massa id nisl venenatis lacinia aenean sit amet justo morbi ut
337,Thornton,Frances,25.526437,111.600795,varius nulla facilisi cras non velit nec nisi vulputate nonummy maecenas tincidunt lacus at velit vivamus vel nulla eget eros
338,Otis,Ander,6.470326,12.6187506,libero ut massa volutpat convallis morbi odio odio elementum eu interdum eu tincidunt in leo maecenas pulvinar lobortis
339,Boothe,Hacquel,49.874775,19.628749,rhoncus aliquet pulvinar sed nisl nunc rhoncus dui vel sem sed sagittis nam congue risus
340,Etienne,Leist,51.8614971,50.3456762,sapien ut nunc vestibulum ante ipsum primis in faucibus orci luctus et ultrices posuere cubilia curae mauris viverra diam
341,Atlante,Prescott,51.62883,20.52487,nibh in lectus pellentesque at nulla suspendisse potenti cras in purus
342,Brit,Shillaker,47.5246265,-0.557101,amet turpis elementum ligula vehicula consequat morbi a ipsum integer a nibh in
343,Ab,Reubel,-20.0421785,-47.7563994,vivamus in felis eu sapien cursus vestibulum proin eu mi nulla ac
344,Batsheva,Basden,-34.604369,-58.4838202,nulla elit ac nulla sed vel enim sit amet nunc viverra
345,Phylys,Finicj,35.8941687,-5.2919563,erat quisque erat eros viverra eget congue eget semper rutrum nulla nunc purus phasellus in felis donec semper
346,Arlan,Yearns,46.465362,124.670305,in hac habitasse platea dictumst aliquam augue quam sollicitudin vitae consectetuer eget rutrum at lorem integer
347,Janka,Edmenson,-6.3621916,106.8502879,blandit ultrices enim lorem ipsum dolor sit amet consectetuer adipiscing elit proin interdum
348,Beitris,Sevier,10.9819737,-74.9438915,quis turpis sed ante vivamus tortor duis mattis egestas metus aenean fermentum
349,Dita,Allport,30.8043158,72.2069276,integer a nibh in quis justo maecenas rhoncus aliquam lacus morbi quis tortor id nulla ultrices aliquet maecenas
350,Penelopa,Wrighton,50.4119089,16.5148115,vel enim sit amet nunc viverra dapibus nulla suscipit ligula in lacus curabitur at ipsum ac tellus semper
351,Babb,Tarply,36.886546,121.456161,eget massa tempor convallis nulla neque libero convallis eget eleifend
352,Wylma,Huxter,-6.6906402,-35.5000999,molestie hendrerit at vulputate vitae nisl aenean lectus pellentesque eget nunc donec quis orci eget orci vehicula condimentum curabitur in
353,Marieann,Secker,41.0911538,44.6590356,platea dictumst aliquam augue quam sollicitudin vitae consectetuer eget rutrum
354,Fletch,Sarfatti,-6.5687237,106.6491595,primis in faucibus orci luctus et ultrices posuere cubilia curae duis faucibus accumsan odio curabitur convallis
355,Eugenie,Howe,40.290497,116.574067,nullam sit amet turpis elementum ligula vehicula consequat morbi a ipsum integer
356,Cobb,Hebborne,29.985295,122.207215,ut blandit non interdum in ante vestibulum ante ipsum primis in faucibus orci luctus et ultrices posuere
357,Laughton,Geerdts,-8.5693,116.6242,interdum mauris non ligula pellentesque ultrices phasellus id sapien in sapien iaculis congue vivamus metus arcu
358,Gayler,Menloe,19.638192,-99.079824,consequat nulla nisl nunc nisl duis bibendum felis sed interdum venenatis turpis enim blandit mi in porttitor pede
359,Britte,Plunket,59.4180182,27.5120803,vel nulla eget eros elementum pellentesque quisque porta volutpat erat quisque erat eros viverra
360,Xavier,Menhenitt,-27.01139,-49.5483671,et magnis dis parturient montes nascetur ridiculus mus etiam vel
361,Corissa,Willshire,-16.9214298,49.5853012,et ultrices posuere cubilia curae mauris viverra diam vitae quam suspendisse potenti nullam
362,Suzanne,Ridsdole,2.9363162,97.6385368,elit proin risus praesent lectus vestibulum quam sapien varius ut blandit non interdum in
363,Nelson,Ajean,-6.8897071,-38.5612185,quis odio consequat varius integer ac leo pellentesque ultrices mattis odio donec vitae nisi nam ultrices libero non
364,Arthur,Jeste,40.1063792,20.2318416,faucibus accumsan odio curabitur convallis duis consequat dui nec nisi volutpat eleifend donec ut
365,Kinny,Poyle,3.251528,-76.229027,morbi odio odio elementum eu interdum eu tincidunt in leo maecenas pulvinar
366,Ainsley,Jordine,18.2943776,105.6745247,felis sed interdum venenatis turpis enim blandit mi in porttitor pede justo eu massa donec dapibus duis at velit eu
367,Reed,Dobney,44.1372925,4.810107,in tempor turpis nec euismod scelerisque quam turpis adipiscing lorem vitae mattis nibh ligula nec sem duis aliquam convallis
368,Killie,Mellsop,3.2093353,101.6716295,consequat nulla nisl nunc nisl duis bibendum felis sed interdum venenatis turpis enim blandit mi in porttitor pede
369,Dorian,Bengochea,33.5147935,130.4936331,amet nulla quisque arcu libero rutrum ac lobortis vel dapibus at
370,Casper,Attle,6.9782137,79.9115522,tristique in tempus sit amet sem fusce consequat nulla nisl nunc
371,Tess,Elgey,-6.633688,107.1573142,pretium nisl ut volutpat sapien arcu sed augue aliquam erat volutpat in congue etiam justo etiam pretium iaculis justo in
372,Rutherford,Bertot,36.2861677,37.1097748,et tempus semper est quam pharetra magna ac consequat metus sapien ut nunc vestibulum ante ipsum primis in faucibus orci
373,Stephie,Purslow,54.3843215,44.8151638,donec pharetra magna vestibulum aliquet ultrices erat tortor sollicitudin mi sit amet lobortis sapien
374,Gerhardine,Whimper,46.2686934,95.2732977,orci mauris lacinia sapien quis libero nullam sit amet turpis elementum ligula vehicula
375,Van,Ranken,-9.3228094,-36.8465564,vel est donec odio justo sollicitudin ut suscipit a feugiat et eros vestibulum ac est lacinia nisi venenatis
376,Elwyn,Nickell,3.3850829,45.5959878,sapien urna pretium nisl ut volutpat sapien arcu sed augue
377,Emalee,Heinsen,41.985186,122.836723,purus phasellus in felis donec semper sapien a libero nam dui proin leo
378,Araldo,Dobell,42.5969703,46.3340785,a suscipit nulla elit ac nulla sed vel enim sit amet nunc viverra dapibus
379,Gordon,Bustin,-23.3969772,-46.9995522,vel nulla eget eros elementum pellentesque quisque porta volutpat erat
380,Patti,Gammidge,-7.348959,108.3712309,tincidunt eu felis fusce posuere felis sed lacus morbi sem mauris laoreet
381,Kippy,MacPherson,-8.3765619,115.1918802,at dolor quis odio consequat varius integer ac leo pellentesque ultrices mattis
382,Donetta,Rapier,35.683952,-105.943638,platea dictumst morbi vestibulum velit id pretium iaculis diam erat fermentum
383,Sollie,Magrannell,8.2458715,4.8118909,vestibulum ante ipsum primis in faucibus orci luctus et ultrices posuere cubilia curae donec pharetra magna
384,Boyd,Margetson,-8.4112772,114.1736608,mi nulla ac enim in tempor turpis nec euismod scelerisque quam turpis adipiscing lorem vitae mattis nibh ligula nec
385,Devland,Wallege,-6.9633727,112.3367573,fringilla rhoncus mauris enim leo rhoncus sed vestibulum sit amet cursus id turpis integer
386,Revkah,Prazor,14.5686384,-88.8694951,leo maecenas pulvinar lobortis est phasellus sit amet erat nulla tempus vivamus in felis eu sapien cursus vestibulum proin
387,Lenette,Romanelli,-16.67787,46.109699,porta volutpat erat quisque erat eros viverra eget congue eget semper
388,Auberta,McCrea,7.053137,-1.3999969,luctus nec molestie sed justo pellentesque viverra pede ac diam cras pellentesque volutpat dui maecenas tristique est et
389,Kissee,Bonhome,15.4621386,120.5797508,ultrices posuere cubilia curae nulla dapibus dolor vel est donec odio justo sollicitudin ut suscipit a feugiat
390,Corny,Bartoszinski,3.2907122,-75.4577775,leo odio porttitor id consequat in consequat ut nulla sed accumsan felis ut at dolor quis odio
391,Garik,Bedminster,34.295348,119.119278,in sagittis dui vel nisl duis ac nibh fusce lacus purus
392,Dallon,Craddock,56.9846069,16.3374996,ultrices vel augue vestibulum ante ipsum primis in faucibus orci luctus et ultrices posuere
393,Shannon,Fusco,55.7813005,37.6003808,varius nulla facilisi cras non velit nec nisi vulputate nonummy maecenas tincidunt
394,Robbyn,Coggell,-34.6324213,-71.3592116,sed vel enim sit amet nunc viverra dapibus nulla suscipit ligula in lacus curabitur at ipsum ac tellus semper
395,Denny,Burrus,-19.6115404,34.7409293,praesent blandit nam nulla integer pede justo lacinia eget tincidunt eget
396,Bartram,Carss,-8.3628,123.3026,scelerisque mauris sit amet eros suspendisse accumsan tortor quis turpis sed ante vivamus tortor duis mattis egestas
397,Benji,Chave,14.87546,-89.756308,nibh fusce lacus purus aliquet at feugiat non pretium quis lectus suspendisse potenti in eleifend quam a odio in hac
398,Oralla,Elsworth,29.020827,110.637506,integer pede justo lacinia eget tincidunt eget tempus vel pede morbi porttitor lorem id ligula suspendisse ornare consequat lectus in
399,Rozina,Fullstone,41.2476037,-8.2430831,vestibulum eget vulputate ut ultrices vel augue vestibulum ante ipsum primis
400,Keely,Bea,24.6755872,121.770825,interdum mauris ullamcorper purus sit amet nulla quisque arcu libero
401,Coralie,Peers,42.073507,-8.3872537,ante ipsum primis in faucibus orci luctus et ultrices posuere cubilia curae duis faucibus
402,Con,Alishoner,36.6796146,136.8617092,amet diam in magna bibendum imperdiet nullam orci pede venenatis non sodales sed tincidunt eu
403,Rabi,Quye,-20.3761919,57.5660161,vestibulum ante ipsum primis in faucibus orci luctus et ultrices posuere cubilia curae donec pharetra magna vestibulum aliquet
404,Ceciley,Mullins,32.095838,34.952177,sed vestibulum sit amet cursus id turpis integer aliquet massa id lobortis convallis tortor risus dapibus
405,Ambrosi,Cantrell,17.9053046,103.4974258,ultrices posuere cubilia curae nulla dapibus dolor vel est donec odio justo sollicitudin ut suscipit a
406,Edmund,Ravelus,19.266226,109.792761,proin eu mi nulla ac enim in tempor turpis nec
407,Lilia,Charters,14.6964199,-89.4030568,curae mauris viverra diam vitae quam suspendisse potenti nullam porttitor lacus at turpis donec posuere
408,Tymothy,Meachen,13.950488,121.157258,est congue elementum in hac habitasse platea dictumst morbi vestibulum velit id pretium iaculis diam erat fermentum justo nec
409,Frasier,McFadyen,-25.3849055,-54.3030016,quam fringilla rhoncus mauris enim leo rhoncus sed vestibulum sit amet cursus id turpis integer aliquet massa id lobortis
410,Jeffry,Pulman,25.797931,110.011238,pellentesque ultrices mattis odio donec vitae nisi nam ultrices libero non mattis pulvinar nulla pede ullamcorper augue a suscipit nulla
411,Claudia,Godby,-22.5899119,-47.5177229,enim leo rhoncus sed vestibulum sit amet cursus id turpis integer aliquet
412,Merrill,Lockey,17.8261143,121.714099,eu orci mauris lacinia sapien quis libero nullam sit amet turpis elementum ligula vehicula consequat morbi a ipsum integer
413,Lawry,Patshull,47.731164,87.463427,dui vel sem sed sagittis nam congue risus semper porta volutpat quam pede lobortis ligula sit amet eleifend pede
414,Leanna,Wigley,59.4445121,18.071399,suscipit nulla elit ac nulla sed vel enim sit amet nunc viverra dapibus nulla
415,Becca,Lowseley,36.130754,107.497706,integer pede justo lacinia eget tincidunt eget tempus vel pede morbi porttitor lorem id ligula suspendisse ornare consequat
416,Linell,Frowen,20.4388225,106.1621053,tristique fusce congue diam id ornare imperdiet sapien urna pretium nisl ut volutpat sapien arcu sed augue
417,Hewe,Giacomucci,32.2945837,-64.7858887,felis sed interdum venenatis turpis enim blandit mi in porttitor pede justo eu massa
418,Danna,Tift,14.5634196,121.0307955,lorem id ligula suspendisse ornare consequat lectus in est risus auctor sed tristique in tempus sit amet sem
419,Randi,Langrick,40.3733802,71.7978333,massa quis augue luctus tincidunt nulla mollis molestie lorem quisque ut erat curabitur
420,Steward,Stairmand,14.6425547,121.010151,eget vulputate ut ultrices vel augue vestibulum ante ipsum primis in faucibus orci luctus et ultrices posuere cubilia curae
421,Calvin,O'Dea,50.8866749,21.2296066,luctus ultricies eu nibh quisque id justo sit amet sapien dignissim
422,Kiel,Christensen,16.424148,120.5983132,tincidunt eu felis fusce posuere felis sed lacus morbi sem mauris laoreet ut rhoncus aliquet pulvinar sed nisl
423,Quillan,Gregolotti,-7.355927,110.6422198,id nisl venenatis lacinia aenean sit amet justo morbi ut odio cras mi pede
424,Gwenore,Consadine,18.455503,-70.202889,suspendisse potenti cras in purus eu magna vulputate luctus cum sociis natoque penatibus et magnis dis parturient montes nascetur ridiculus
425,Tallie,O'Flaherty,13.9242836,121.5035823,varius ut blandit non interdum in ante vestibulum ante ipsum primis in faucibus orci luctus et
426,Hugo,Basile,41.805699,123.431472,id pretium iaculis diam erat fermentum justo nec condimentum neque sapien placerat ante nulla justo aliquam
427,Gabriele,Disman,-7.482537,112.6004965,orci nullam molestie nibh in lectus pellentesque at nulla suspendisse potenti cras in purus eu magna vulputate
428,Vincent,Tarry,49.7938443,36.0269813,consequat dui nec nisi volutpat eleifend donec ut dolor morbi vel lectus in quam fringilla rhoncus mauris enim
429,Xerxes,Mc Caghan,18.5295981,-72.4080605,felis sed lacus morbi sem mauris laoreet ut rhoncus aliquet pulvinar sed nisl nunc rhoncus dui vel sem sed
430,Chryste,Wansbury,46.7498338,-71.693538,in lacus curabitur at ipsum ac tellus semper interdum mauris ullamcorper purus sit amet nulla
431,Silva,Melhuish,55.6427846,38.008554,mattis egestas metus aenean fermentum donec ut mauris eget massa tempor convallis
432,Swen,Dighton,55.6587901,37.3582146,felis donec semper sapien a libero nam dui proin leo odio porttitor id consequat in
433,Maryjo,Batcheldor,-7.158502,109.263397,nam ultrices libero non mattis pulvinar nulla pede ullamcorper augue a suscipit nulla elit ac nulla sed
434,Sterne,Radbourne,11.2428856,-73.4062342,etiam pretium iaculis justo in hac habitasse platea dictumst etiam faucibus cursus urna ut tellus nulla ut erat id
435,Frederik,Richen,-40.4057293,175.5843632,libero quis orci nullam molestie nibh in lectus pellentesque at nulla suspendisse potenti cras in purus eu magna vulputate
436,Felice,Elvy,-8.2010401,114.9739344,vulputate nonummy maecenas tincidunt lacus at velit vivamus vel nulla
437,Dollie,De Matteis,30.274084,120.15507,nunc rhoncus dui vel sem sed sagittis nam congue risus semper porta volutpat quam pede lobortis ligula sit amet eleifend
438,Minor,Braham,9.4362547,123.1893864,lacus curabitur at ipsum ac tellus semper interdum mauris ullamcorper purus sit amet nulla quisque arcu
439,Glori,Chessman,29.696108,118.315329,est congue elementum in hac habitasse platea dictumst morbi vestibulum velit id pretium iaculis
440,Mareah,Karpf,-7.2139764,106.8740816,luctus ultricies eu nibh quisque id justo sit amet sapien dignissim vestibulum
441,Cazzie,Belitz,3.1523104,101.7178316,varius ut blandit non interdum in ante vestibulum ante ipsum primis in faucibus orci luctus et ultrices posuere cubilia curae
442,Ellwood,Hainey`,29.375859,47.9774052,curabitur at ipsum ac tellus semper interdum mauris ullamcorper purus sit
443,Lexie,Elsdon,45.5206082,18.6747675,diam neque vestibulum eget vulputate ut ultrices vel augue vestibulum ante ipsum primis in faucibus orci luctus et ultrices
444,Hi,Heilds,45.73345,-63.86542,sollicitudin mi sit amet lobortis sapien sapien non mi integer ac neque duis bibendum morbi non quam
445,Alister,Rudledge,40.0150745,44.5191627,ac tellus semper interdum mauris ullamcorper purus sit amet nulla quisque arcu libero rutrum
446,Huntlee,Gretham,25.732824,117.130129,consectetuer adipiscing elit proin risus praesent lectus vestibulum quam sapien varius ut blandit non interdum in
447,Whitney,Blondin,-6.9273494,109.2385498,lorem id ligula suspendisse ornare consequat lectus in est risus
448,Morty,Levison,26.7957017,86.2970998,pellentesque ultrices phasellus id sapien in sapien iaculis congue vivamus metus arcu
449,Hildegaard,Ablott,25.015105,102.743811,a odio in hac habitasse platea dictumst maecenas ut massa quis augue
450,Duffie,Rosenthaler,-19.468531,29.8120795,ut tellus nulla ut erat id mauris vulputate elementum nullam varius nulla
451,Bink,Haliday,55.650711,37.39423,diam erat fermentum justo nec condimentum neque sapien placerat ante nulla justo aliquam quis turpis
452,Hyatt,Harkes,4.5475154,97.1574784,nulla tellus in sagittis dui vel nisl duis ac nibh fusce lacus purus aliquet
453,Joan,Legion,-13.2513786,-43.4112394,molestie hendrerit at vulputate vitae nisl aenean lectus pellentesque eget nunc donec quis orci eget
454,Darn,Tingley,-18.8200534,49.0652963,curae duis faucibus accumsan odio curabitur convallis duis consequat dui nec nisi volutpat eleifend donec ut dolor
455,Guinevere,Feechum,48.8904258,2.2936854,sit amet sem fusce consequat nulla nisl nunc nisl duis bibendum felis sed interdum
456,Lizzie,Heberden,19.5663947,109.949686,luctus ultricies eu nibh quisque id justo sit amet sapien
457,Rolph,Munton,14.160407,-87.0399404,vestibulum ante ipsum primis in faucibus orci luctus et ultrices posuere cubilia curae duis faucibus accumsan odio
458,Haily,Sowood,-10.1573402,123.6010244,elit proin risus praesent lectus vestibulum quam sapien varius ut blandit non interdum in ante vestibulum ante
459,Phil,Josephsen,40.4489303,-8.6745086,quisque ut erat curabitur gravida nisi at nibh in hac habitasse platea dictumst aliquam augue quam sollicitudin
460,Othella,Woodrough,2.9329721,101.6259842,felis sed interdum venenatis turpis enim blandit mi in porttitor pede justo eu
461,Dudley,Brogini,-6.7597964,108.5144791,eros elementum pellentesque quisque porta volutpat erat quisque erat eros viverra eget congue eget semper rutrum nulla nunc
462,Emmy,Wreath,28.572029,109.482078,iaculis justo in hac habitasse platea dictumst etiam faucibus cursus urna ut tellus nulla ut erat id
463,Bartholomeo,Geerits,24.298195,109.402037,et ultrices posuere cubilia curae mauris viverra diam vitae quam suspendisse potenti nullam porttitor
464,Any,Weaving,-34.6337798,-58.5541599,sapien arcu sed augue aliquam erat volutpat in congue etiam justo etiam pretium iaculis
465,Mame,Epinay,57.5334964,15.9897014,placerat praesent blandit nam nulla integer pede justo lacinia eget tincidunt eget tempus vel pede morbi porttitor lorem
466,Kial,Tremoulet,45.6539183,16.1813069,nisl nunc rhoncus dui vel sem sed sagittis nam congue risus semper porta volutpat quam pede
467,Glenden,Haw,36.4745388,66.9511459,ante ipsum primis in faucibus orci luctus et ultrices posuere cubilia curae nulla dapibus dolor vel est donec
468,Massimo,Baine,33.8787981,10.850791,quisque erat eros viverra eget congue eget semper rutrum nulla nunc purus phasellus in
469,Linn,Livick,35.326057,67.6364059,turpis integer aliquet massa id lobortis convallis tortor risus dapibus augue vel accumsan tellus nisi
470,Chrisse,Burchard,-6.1965654,106.8226808,lorem ipsum dolor sit amet consectetuer adipiscing elit proin risus praesent lectus vestibulum quam sapien varius ut blandit non
471,Kory,Hyde-Chambers,7.9047781,98.3512841,erat nulla tempus vivamus in felis eu sapien cursus vestibulum proin eu mi
472,Patty,Lilleyman,59.9522962,10.7668266,turpis donec posuere metus vitae ipsum aliquam non mauris morbi non lectus aliquam sit amet diam
473,Paige,Managh,27.953479,68.6224065,commodo vulputate justo in blandit ultrices enim lorem ipsum dolor sit amet consectetuer
474,Parker,Keher,49.9535113,16.8819389,id sapien in sapien iaculis congue vivamus metus arcu adipiscing molestie hendrerit at vulputate
475,Carlita,Fishenden,12.283797,-85.5112879,pretium iaculis diam erat fermentum justo nec condimentum neque sapien placerat ante
476,Clare,Stryde,3.9967196,97.3416152,in felis donec semper sapien a libero nam dui proin leo
477,Finn,Simanek,-7.5476215,110.8102573,fermentum donec ut mauris eget massa tempor convallis nulla neque
478,Amity,Tock,14.1762086,-90.2625604,justo maecenas rhoncus aliquam lacus morbi quis tortor id nulla ultrices aliquet maecenas
479,Joete,Coppeard,43.3213308,45.044839,diam in magna bibendum imperdiet nullam orci pede venenatis non sodales sed tincidunt eu felis
480,Tore,Hinsche,38.4499141,141.3800956,habitasse platea dictumst maecenas ut massa quis augue luctus tincidunt nulla mollis molestie lorem
481,Carlo,Meatcher,52.406614,22.2424971,metus vitae ipsum aliquam non mauris morbi non lectus aliquam sit amet
482,Kirstyn,Mallabar,40.0877962,49.4030218,cubilia curae duis faucibus accumsan odio curabitur convallis duis consequat
483,Munmro,Pinson,60.6302526,28.7309501,at feugiat non pretium quis lectus suspendisse potenti in eleifend quam a odio in hac
484,Duke,Archdeacon,37.9746194,23.6412944,eu massa donec dapibus duis at velit eu est congue elementum in hac habitasse platea dictumst morbi vestibulum
485,Jennica,Frenzl,-20.3438619,57.7636821,nisl venenatis lacinia aenean sit amet justo morbi ut odio cras mi pede malesuada in imperdiet
486,Cleopatra,Spence,21.2067429,105.4273093,duis bibendum morbi non quam nec dui luctus rutrum nulla
487,Charlton,Annand,6.9504703,122.1826222,ut at dolor quis odio consequat varius integer ac leo
488,Clary,Dabel,12.3783745,17.0568962,eget nunc donec quis orci eget orci vehicula condimentum curabitur in libero
489,Bronson,O'Shevlin,-7.4011226,111.5110576,quisque porta volutpat erat quisque erat eros viverra eget congue eget semper
490,Catherine,Tankus,59.1651981,24.7475218,morbi porttitor lorem id ligula suspendisse ornare consequat lectus in est risus auctor sed tristique in tempus sit amet
491,Jerrie,Lashley,-7.0631844,107.7843483,venenatis lacinia aenean sit amet justo morbi ut odio cras mi pede malesuada in imperdiet
492,Maritsa,Abbets,39.309746,115.958784,orci eget orci vehicula condimentum curabitur in libero ut massa volutpat
493,Bobbee,Greetham,5.4942923,-72.0942187,dolor vel est donec odio justo sollicitudin ut suscipit a feugiat et eros vestibulum ac est lacinia nisi venenatis tristique
494,Katheryn,Roylance,-21.8421051,-47.4710798,justo lacinia eget tincidunt eget tempus vel pede morbi porttitor lorem id ligula suspendisse ornare consequat
495,Yorgo,Parren,-0.532915,166.944141,mauris ullamcorper purus sit amet nulla quisque arcu libero rutrum ac lobortis vel dapibus at diam nam tristique
496,Rollo,Quinnet,14.4958564,121.0188552,sed justo pellentesque viverra pede ac diam cras pellentesque volutpat dui maecenas tristique est
497,Siobhan,Malins,27.948308,109.599191,lacinia erat vestibulum sed magna at nunc commodo placerat praesent blandit nam nulla
498,Salomone,Inderwick,39.377733,99.819316,turpis integer aliquet massa id lobortis convallis tortor risus dapibus augue vel
499,Sergent,Antoniat,-7.04383,106.82849,cum sociis natoque penatibus et magnis dis parturient montes nascetur ridiculus
500,Clarette,Illyes,51.4063964,-2.6467239,ut tellus nulla ut erat id mauris vulputate elementum nullam
